model,variable,right_coding,explanation
G2_SIGMA08,Wage_Indexation,True,Households that cannot reset nominal wages mechanically index wages to lagged aggregate wage inflation; see p. 2630.
G2_SIGMA08,Wage_Index_Method,Prev Wage Inflation,Non-resetting households index nominal wages to lagged aggregate wage inflation; see p. 2630.
G2_SIGMA08,Wage_Index_Coverage,Full,"Among households that cannot reoptimize wages, indexation to lagged aggregate wage inflation applies without an additional partial-indexation subset; see p. 2630."
G3_CW03,Sticky_Price_Sector,Other,"Other. The paper’s supply-side nominal rigidity is written as staggered contract wage / inflation equations, not as a sectoral firm-pricing block; for the Taylor-style microfoundation it notes nominal rigidity can be interpreted as occurring in intermediate goods markets, but the final model also uses Fuhrer-Moore contracts for the U.S., so the clean sector code is Other; cite pp. 12–13. Coenen and Wieland - 2002 - Inf…"
G3_CW03,Date_Pub,2002,"September 2002. The model was published as ECB Working Paper No. 181, with the cover page dated September 2002; cite paper p. 1. Coenen and Wieland - 2002 - Inf…"
G7_TAY93,Sticky_Price_Sector,Other,"Other. Sticky prices apply to the model’s aggregate output-price, import-price, and export-price equations for each country, not to a modern final/intermediate-goods firm sector split; Taylor describes aggregate prices as markups over wage and import costs with slow adjustment on p. 68 and gives the aggregate price equation around p. 79. Taylor 1993 Book Chapter 3"
G7_TAY93,Published,false,"False — It was published as Chapter 3 of Taylor’s 1993 book, not as an academic journal article; the chapter begins on p. 67. Taylor 1993 Book Chapter 3"
G7_TAY93,Est_Date_Range_Start,1971,"1971:3 — Most estimated equation tables report samples beginning in 71.3, e.g. the fixed-investment equations on p. 90. Taylor 1993 Book Chapter 3"
NK_AFL15,CB_Authors,66.7,"True — 2 of 3 authors, or 66.7%. The paper’s first page, p. 285, lists Ignazio Angeloni and Marco Lo Duca with ECB affiliations and Ester Faia with Goethe/CFS/SAFE; external bios show Angeloni previously held senior roles at the Bank of Italy and ECB, and Lo Duca joined the ECB in 2004, while Faia’s public profile shows academic affiliations rather than qualifying central-bank employment. Angeloni et al. - 2015 - Moneta… iep.unibocconi.eu +2 ecb.europa.eu +2"
NK_AFL15,Gov_Spend,false,"False. Government spending is not a substantive equilibrium object in the model; the paper’s macro block is built around banks’ funding choice, run risk, monetary policy, and a conventional real sector, with no fiscal-spending channel in the model setup on pp. 290–291. Angeloni et al. - 2015 - Moneta…"
NK_AFL15,Tax,false,"False. The model includes only lump-sum taxes/transfers: the household budget constraint defines T t ​ as “net transfers to the public sector (lump sum taxes, equal to public expenditures)” on p. 292, so taxes are not distortionary and do not create an independent nontrivial equilibrium channel. Angeloni et al. - 2015 - Moneta…"
NK_AFL15,Lagged_Terms,true,"True. The model has nontrivial state dynamics: the competitive equilibrium is defined conditional on initial asset states K 0 ​ ,D 0 ​ ,K 0 B ​ , and includes wealth-accumulation equations and capital dated K t+1 ​ , so lagged/predetermined balance-sheet and capital stocks affect equilibrium; see p. 298. Angeloni et al. - 2015 - Moneta…"
NK_AFL15,Sticky_Price_Sector,Final Goods Firms,Final Goods Firms. Sticky prices are imposed in the final-good production block: each final-good firm i sets P t ​ (i) subject to the quadratic adjustment cost on p. 296. Angeloni et al. - 2015 - Moneta…
NK_BGG99,CB_Authors,33.3,"True — 1/3 authors, or 33.3%. The paper’s author page lists Ben S. Bernanke, Mark Gertler, and Simon Gilchrist on p. 1341. Bernanke et al. - THE FINANCIAL… Gilchrist counts: he was a staff economist at the Board of Governors before arriving at Boston University in 1995; Bernanke’s Federal Reserve Board service began in 2002, after publication, and Gertler’s central-bank links I found are consulting/visiting/resident-scholar roles, which do not count. bostonfed.org +2 brookings.edu +2"
NK_BGG99,Tax,false,"False. Taxes appear only as lump-sum financing in the household budget constraint on p. 1387 and in the government budget constraint on p. 1389; there is no distortionary tax margin, tax rule, or tax shock that independently affects equilibrium allocation. Bernanke et al. - THE FINANCIAL… Bernanke et al. - THE FINANCIAL…"
NK_BGG99,Rational_Expectations,true,"True. The log-linearized model is forward-looking—its Phillips curve uses expected future inflation, reflecting forward-looking price setting, on p. 1364. Bernanke et al. - THE FINANCIAL…"
NK_BGG99,Lagged_Terms,true,"True. The model explicitly adds decision lags in investment, which the authors say generate “hump-shaped output dynamics and a lead-lag relationship between asset prices and investment” on p. 1346. Bernanke et al. - THE FINANCIAL…"
NK_BGG99,Sticky_Price_Sector,Final Goods Firms,"Final Goods Firms. Sticky prices apply in the retail/final-goods sector: retailers buy wholesale output, differentiate it costlessly, and reset prices only probabilistically under Calvo pricing on p. 1389. Bernanke et al. - THE FINANCIAL…"
NK_BGG99,Published,false,"No. It is published as a chapter in the Handbook of Macroeconomics, Volume 1 by Elsevier, not as an academic journal article, as shown on p. 1341. Bernanke et al. - THE FINANCIAL…"
NK_BGUS10,Rational_Expectations,true,"True. The model is solved under rational expectations: its log-linear equilibrium uses conditional expectations such as E t ​ {π t+1 ​ }, E t ​ {Δu t+1 ​ }, and E t ​ {a t+1 ​ } in the New Keynesian equilibrium system; see pp. 13–15, especially equation (37) on p. 15. Blanchard and Galí - 2010 - Lab…"
NK_BGUS10,Lagged_Terms,true,"True. Lagged employment/unemployment is nontrivial: labor market tightness depends on current and lagged employment in equation (26), and the inflation–unemployment relation depends on both current and lagged unemployment; see pp. 14 and 16. Blanchard and Galí - 2010 - Lab…"
NK_BGUS10,Sticky_Wages,false,"False. The model does not use sticky nominal wages; it uses real wage rigidities, modeled as sluggish adjustment of the real wage to the flexible-wage Nash-bargaining benchmark. This is introduced in Section II.C, “Real Wage Rigidities,” on p. 11. Blanchard and Galí - 2010 - Lab…"
NK_CFP10,Rational_Expectations,true,"True. The model uses rational expectations: its equilibrium conditions are explicitly forward-looking and use E t ​ , defined as the expectations operator, in the Fisher equation and asset-price equation on paper p. 41. Carlstrom et al. - 2010 - Optim…"
NK_CFP10,Lagged_Terms,true,"True. Lagged state variables matter nontrivially: entrepreneurial share holdings e t−1 ​ enter the entrepreneur budget constraint, and the optimal targeting criterion includes lagged gap growth because the credit model has an endogenous state variable; see pp. 43 and 52. Carlstrom et al. - 2010 - Optim… Carlstrom et al. - 2010 - Optim…"
NK_CFP10,Sticky_Price_Sector,Final Goods Firms,"Final Goods Firms. The paper states that “sticky price firms … produce the final good,” while entrepreneurs produce intermediate goods; Section 1.3 then specifies that these final-goods firms face Rotemberg price-adjustment costs, see pp. 40 and 44. Carlstrom et al. - 2010 - Optim… Carlstrom et al. - 2010 - Optim…"
NK_CGG02,Gov_Spend,false,"False. Government spending is not a nontrivial equilibrium object: the goods-market clearing conditions allocate output only to private home/foreign consumption, with no government-purchases term, on p. 9 of the paper; the only fiscal object is a steady-state subsidy/tax used to offset markup distortions, not a spending shock. Clarida et al. - 2002 - A Simpl…"
NK_CGG02,Rational_Expectations,true,"True. The model uses forward-looking equilibrium conditions with expectations E t ​ {⋅}, and the paper describes the framework as an optimizing two-country sticky-price model solved analytically; see the abstract on p. 1 and the Euler/Phillips equations on pp. 5 and 15. Clarida et al. - 2002 - A Simpl…"
NK_CGG02,Lagged_Terms,true,"True, narrowly. The model has no lagged endogenous state like habit, inflation indexation, or capital accumulation, but the cost-push shock follows u t ​ =ρu t−1 ​ +ε t ​ , and that persistence affects equilibrium inflation/output through ψ=[(1−βρ)+λξ] −1 ; see pp. 15 and 17. Clarida et al. - 2002 - A Simpl…"
NK_CGG02,Price_Indexation,false,"False. Prices are Calvo-sticky with firms that cannot adjust simply keeping their prices fixed, not mechanically indexing them to lagged or trend inflation; the relevant pricing setup is on p. 8. Clarida et al. - 2002 - A Simpl…"
NK_CGG02,Working_Paper,false,"No. It appeared first as NBER Working Paper No. 8870 in April 2002 on p. 1 of the uploaded PDF, but it was later published in the Journal of Monetary Economics, vol. 49(5), pp. 879–904, July 2002. Clarida et al. - 2002 - A Simpl… ideas.repec.org"
NK_CGG02,Published,true,"Yes. The uploaded version is the NBER working paper, dated April 2002 on p. 1, but the article was published in the Journal of Monetary Economics, 49(5), 879–904, in 2002. Clarida et al. - 2002 - A Simpl… econpapers.repec.org"
NK_CGG02,Calibrated,false,"No. It is an analytical model, not a calibrated quantitative exercise; the authors say the framework is “sufficiently tractable to admit an analytical solution” on p. 2, and later state that “a serious model calibration is beyond the scope of this paper” on p. 25. Clarida et al. - 2002 - A Simpl… Clarida et al. - 2002 - A Simpl…"
NK_CGG99,Tax,false,"False. Taxes are not modeled as an equilibrium-relevant fiscal block; they appear only as a possible distortion motivating a positive desired output gap k>0, not through a government budget constraint, tax rule, or household/firms’ tax wedges; see p. 1675. Clarida et al. - 1999 - The Sci…"
NK_CGG99,Sticky_Price_Sector,Final Goods Firms,"Final Goods Firms. The paper is a reduced-form closed-economy NK setup, but its Calvo price rigidity is described as firms setting goods prices in a monopolistically competitive goods market, not as wage stickiness or an explicit intermediate-goods sector; see p. 1666. Clarida et al. - 1999 - The Sci…"
NK_CGG99,Calibrated,false,"No. The paper uses a stripped-down analytical baseline model to derive policy principles, and while it discusses parameterized policy rules and estimates from other work, it does not present a calibrated quantitative version of the model; see pp. 1664 and 1696–1697. Clarida et al. - 1999 - The Sci… Clarida et al. - 1999 - The Sci…"
NK_CK08,Tax,false,"False. Taxes appear as lump-sum taxes in the household budget constraint on p. 868 and as government revenue in the budget constraint on p. 872, but the paper explicitly assumes Ricardian fiscal policy, so taxes do not introduce a distortion or nontrivial equilibrium channel. Christoffel and Kuester - 2008 … Christoffel and Kuester - 2008 …"
NK_CK08,Gov_Debt,false,"False. The model has one-period nominal government bonds in the household and government budget constraints, but fiscal policy is explicitly assumed Ricardian, so debt is not a nontrivial state variable affecting allocations; see p. 872. Christoffel and Kuester - 2008 …"
NK_CK08,Lagged_Terms,true,"True. Lagged state variables matter nontrivially: preferences include external habit through lagged aggregate consumption c t−1 ​ , employment evolves from lagged employment via n t ​ =(1−ρ)n t−1 ​ +m t−1 ​ , and the monetary rule includes the lagged policy rate; see pp. 867, 870, and 871. Christoffel and Kuester - 2008 …"
NK_CK08,Sticky_Price_Sector,Intermediate Goods Firms,"Intermediate Goods Firms. Sticky prices apply in the wholesale sector, where differentiated wholesale firms set prices à la Calvo; final-good production is a competitive aggregator, so the closest category is Intermediate Goods Firms; see p. 869. Christoffel and Kuester - 2008 …"
NK_CK08,Sticky_Wage_Method,Calvo,"Calvo. Sticky wages are implemented with Calvo-style wage stickiness, with Table 1 reporting “Calvo stickiness of wages” ω w ​ =0.72; see p. 873. Christoffel and Kuester - 2008 …"
NK_CKL09,Tax,false,False. Taxes appear only as lump-sum taxes in the representative family’s budget constraint and the government budget constraint on pp. 910 and 914; there are no distortionary tax rates or tax wedges that materially change private optimality conditions. Christoffel et al. - 2009 - The…
NK_CKL09,Gov_Debt,false,"False. Government debt appears as one-period nominal bonds in the household budget constraint on p. 910 and in the government budget constraint on p. 914, but with lump-sum taxes and no fiscal feedback/default/risk-premium debt mechanism, it does not play a nontrivial independent equilibrium role. Christoffel et al. - 2009 - The…"
NK_CKL09,Sticky_Price_Sector,Intermediate Goods Firms,"Intermediate Goods Firms. Sticky prices apply in the wholesale/intermediate-goods sector: firms are monopolistic competitors and set prices à la Calvo, with Table 5 reporting the price-stickiness parameter on p. 929. Christoffel et al. - 2009 - The…"
NK_CKL09,Sticky_Wage_Method,Calvo,"Calvo. Sticky wages are implemented as Calvo-style infrequent wage re-optimization; bargaining determines the reset wage when adjustment occurs, but the nominal rigidity itself is Calvo. See Table 5 on p. 929. Christoffel et al. - 2009 - The…"
NK_CKL09,Price_Indexation,false,"False. In the baseline calibration, the model explicitly sets x p ​ =0 for “Price indexation; no indexation in baseline model,” and also x w ​ =0 for wage indexation; see Table 5 on p. 929. Christoffel et al. - 2009 - The…"
NK_CKL09,Wage_Indexation,false,"False. In the baseline model, wage indexation is explicitly set to zero: Table 5 lists x w ​ =0, “Wage indexation; no indexation in baseline model,” on p. 929. Christoffel et al. - 2009 - The…"
NK_CKL09,Estimated,true,"Yes. The authors estimate the model using Bayesian techniques on euro-area data, and the abstract states that they “estimated the model by Bayesian techniques”; see p. 908. Christoffel et al. - 2009 - The…"
NK_CW09,Lagged_Terms,true,"True. The baseline NK part is “purely forward-looking,” but the financial-frictions block adds a nontrivial state variable: aggregate private debt follows a law of motion involving lagged private debt and lagged policy rates, and it matters for spreads/equilibrium when spreads or intermediation costs depend on debt. See pp. 12 and 19. Cúrdia and Woodford - Credit fr… Cúrdia and Woodford - Credit fr…"
NK_CW09,Sticky_Price_Sector,Intermediate Goods Firms,"Intermediate Goods Firms. Sticky prices apply to the differentiated goods producers: each differentiated good has a supplier that sets its price in a Calvo-style staggered-pricing problem, while the final good is an aggregate of differentiated goods. See p. 14. Cúrdia and Woodford - Credit fr…"
NK_CW09,Working_Paper,false,"False. The version you uploaded is a BIS Working Paper from March 2009, but the paper was later published in the Journal of Monetary Economics in 2016, so it was not only ever a working paper. Cúrdia and Woodford - Credit fr… sciencedirect.com +1"
NK_CW09,Published,true,"True. The uploaded version is a BIS Working Paper dated March 2009 on the cover page, but the paper was later published in the Journal of Monetary Economics, vol. 84, pp. 30–65, in 2016. Cúrdia and Woodford - Credit fr… ideas.repec.org"
NK_DEFK17,Gov_Spend,false,"False. Government matters through liquidity/asset-swap policy, not through government purchases: the model’s nonconventional policy is “open market operations in private assets” that increase liquidity, calibrated to the Fed balance sheet expansion, not a government-spending shock or fiscal demand block; see p. 826. Del Negro et al. - 2017 - The G…"
NK_DEFK17,Tax,false,"False. The model has lump-sum taxes in the household budget constraint, but they are not a distortionary or independently active fiscal instrument; the equilibrium action comes from liquidity policy/open-market operations in private assets, not taxes. See p. 831 for lump-sum taxes and p. 826 for the policy mechanism. Del Negro et al. - 2017 - The G…"
NK_DEFK17,Rational_Expectations,true,"True. The model is an optimizing DSGE model with forward-looking agents; the crisis simulation is explicitly run conditional on the shock “under perfect foresight,” and expectations over the ZLB path are central to the equilibrium dynamics. See p. 845. Del Negro et al. - 2017 - The G…"
NK_DEFK17,Wage_Indexation,false,"No. The model has Calvo wage stickiness, but I do not see a wage-indexation mechanism or wage-indexation parameter; the calibration table lists “Wage Calvo probability,” not wage indexation. See p. 840. Del Negro et al. - 2017 - The G…"
NK_DT12,Gov_Spend,false,"False. Government appears only through lump-sum taxes/transfers in the household budget constraint, not as a government-spending process or resource-absorbing demand component; the model environment on pp. 908–913 lists households, entrepreneurs, banks/intermediaries, retail firms, and monetary policy, with no fiscal spending block affecting equilibrium. Fiore and Tristani - 2013 - Opt…"
NK_DT12,Tax,false,"False. Taxes appear only as lump-sum taxes/transfers in the household budget constraint on p. 909, so they do not create distortions or otherwise play a nontrivial role in equilibrium. Fiore and Tristani - 2013 - Opt…"
NK_DT12,Rational_Expectations,true,"True. The model is a forward-looking New Keynesian DSGE model with expectations terms in the IS curve and Phillips curve, and the authors solve optimal monetary policy under commitment/timeless perspective rather than under learning or bounded expectations; see pp. 914–915 and p. 926. Fiore and Tristani - 2013 - Opt… Fiore and Tristani - 2013 - Opt…"
NK_DT12,Lagged_Terms,true,True. The baseline has nontrivial lag dependence through persistent exogenous processes—technology shocks have persistence 0.9 and net-worth shocks have autocorrelation 0.7317—and the robustness extension with accumulated internal funds also makes firms’ internal funds depend on previous-period debt and returns; see pp. 918 and 925. Fiore and Tristani - 2013 - Opt… Fiore and Tristani - 2013 - Opt…
NK_DT12,Sticky_Price_Sector,Final Goods Firms,"Final Goods Firms. Sticky prices apply in the retail/final-goods sector: retail firms buy homogeneous wholesale output, differentiate it into final goods, and each retailer can reset its price only with Calvo probability 1−h; see p. 913. Fiore and Tristani - 2013 - Opt…"
NK_ET14,Tax,false,"False. Taxes appear in the household and consolidated government budget constraints, but current government expenditure is lump-sum funded and the paper states this makes the consolidated government budget constraint always satisfied, so taxes are not a nontrivial equilibrium distortion/channel (pp. 201, 204). Ellison and Tischbirek - 2014 -… Ellison and Tischbirek - 2014 -…"
NK_ET14,Lagged_Terms,true,"True. Lagged state variables matter through Calvo price dispersion D t−1 ​ , persistent AR(1) shocks, and the long-bond payoff/government-budget structure that depends on previously issued bonds Q t−j,t+τ−j ​ (pp. 201, 204, 213, 215). Ellison and Tischbirek - 2014 -… Ellison and Tischbirek - 2014 -… Ellison and Tischbirek - 2014 -…"
NK_ET14,Sticky_Price_Sector,Final Goods Firms,"Final Goods Firms. Sticky prices apply to the monopolistically competitive goods-producing firms: the paper’s “Firms” section says there is a continuum of monopolistically competitive firms indexed by i, each producing good Y t ​ (i), and only fraction 1−α can reset its price each period (p. 201). Ellison and Tischbirek - 2014 -…"
NK_FLMF18,CB_Authors,75,"True — 75% (3/4 authors). The paper’s p. 1 author footnotes list Filardo and Lombardi at the BIS, Montoro at the Central Reserve Bank of Peru/Ministry of Economy and Finance of Peru, and Ferrari at Università Cattolica; external background checks show Filardo previously worked at the Federal Reserve Bank of Kansas City, Lombardi joined BIS from the ECB, and Montoro was at the Central Reserve Bank of Peru, while I found no pre-publication central-bank employment for Ferrari. Filardo et al. - Monetary polic… ecb.europa.eu +3 CEPR +3 CEPR +3"
NK_FLMF18,Gov_Spend,false,"False. There is no government spending block affecting equilibrium; the only fiscal element is a simple tax/transfer rule where “transfers to households are funded by taxing final good producers,” stated in footnote 11 on p. 19. Filardo et al. - Monetary polic…"
NK_FLMF18,Tax,false,"False. Fiscal policy is included only “for completeness” as a linear transfer/tax rule, with transfers to households funded by taxes on final-good producers; it is not a substantive tax distortion or equilibrium channel in the model. Filardo et al. - Monetary polic…"
NK_FLMF18,Learning,true,"True. The model has policymaker learning/incomplete-information learning, not private-agent adaptive learning: Section IV says the monetary authority faces “two types of learning,” including signal extraction and updating assessments after observing the economy’s response to policy, and Section V is titled “Learning from past mistakes” (pp. 29, 37–38). Filardo et al. - Monetary polic…"
NK_FLMF18,Rational_Expectations,true,"True. The model is solved with forward-looking expectations in the standard DSGE sense: the household Euler equation and the core Phillips curve both contain E t ​ terms, and the incomplete-information extension changes the monetary authority’s perceived expectations rather than replacing private-agent rational expectations; see pp. 9 and 22. Filardo et al. - Monetary polic…"
NK_FLMF18,Lagged_Terms,true,True. The monetary policy rule uses one-period-lagged information for inflation and output—“the monetary authority is able to observe inflation and output with a one period lag”—so the lagged information set nontrivially affects interest-rate setting and equilibrium dynamics; see p. 24. Filardo et al. - Monetary polic…
NK_GHP16,CB_Authors,66.7,"True — 66.7% (2/3 authors). Gnocchi and Hauser count: both were Bank of Canada employees before the May 2016 publication, while Pappa does not count based on her listed academic appointments; the paper’s p. 94 title page also lists Gnocchi and Hauser at the Bank of Canada and Pappa at EUI/UAB/CEPR. Gnocchi et al. - 2016 - Housewo… banqueducanada.ca +2 banqueducanada.ca +2"
NK_GHP16,Tax,false,"False. Taxes are present only as lump-sum financing for government spending, so they do not create a nontrivial distortionary tax channel affecting equilibrium choices; the paper instead emphasizes government-expenditure shocks and the home-production/complementarity mechanism (pp. 95, 101, 104). Gnocchi et al. - 2016 - Housewo… Gnocchi et al. - 2016 - Housewo…"
NK_GHP16,Rational_Expectations,true,"True. The household Euler equation and New Keynesian Phillips curve are explicitly forward-looking with conditional expectations E t ​ , so the model uses rational/model-consistent expectations rather than learning (p. 100). Gnocchi et al. - 2016 - Housewo…"
NK_GHP16,Lagged_Terms,true,"True. The model has nontrivial lagged state terms through capital accumulation, the Taylor rule with interest-rate smoothing and output-gap growth, price-dispersion dynamics, and the AR(1) government-spending shock; see the interest-rate rule and price-dispersion law on p. 98 and the calibrated ρ g ​ on p. 101. Gnocchi et al. - 2016 - Housewo… Gnocchi et al. - 2016 - Housewo…"
NK_GHP16,Sticky_Price_Sector,Final Goods Firms,"Final Goods Firms. The paper’s firm block says there are monopolistically competitive firms producing varieties of the market good, and those firms face Calvo price resetting with probability 1−θ each period (p. 97). Gnocchi et al. - 2016 - Housewo…"
NK_GHP16,Sticky_Wages,false,"False. The model has Calvo sticky prices, but wages are flexible: household market hours are chosen through the labor-supply condition equating the real wage to the marginal rate of substitution, with no staggered wage-setting or wage-adjustment friction in the model block (pp. 95–98). Gnocchi et al. - 2016 - Housewo…"
NK_GK09lin,CB_Authors,0,"False — 0% (0/2 authors). The paper is by Mark Gertler and Peter Karadi, affiliated with NYU in the April 2009 working-paper version, p. 1; Gertler’s documented central-bank links before publication appear to be consulting/visiting-scholar/advisory roles, which you exclude, while Karadi’s first listed central-bank employment is Senior Economist at Magyar Nemzeti Bank in 2010–2012, after the April 2009 paper. Gertler and Karadi - 2009 - A m… newyorkfed.org +3 European Central Bank +3 wp.nyu.edu +3"
NK_GK09lin,Tax,false,"False. Taxes appear only as lump-sum financing in the government budget constraint, G+τc t ​ Q t ​ K t+1 ​ =T t ​ +(R kt ​ −R t ​ )B t−1 g ​ , so they do not introduce a distortionary tax wedge or substantive fiscal channel; see p. 17. Gertler and Karadi - 2009 - A m…"
NK_GK09lin,Rational_Expectations,true,"True. The model has rational/model-consistent expectations: agents optimize with forward-looking conditional expectations E t ​ , and the model is a standard monetary DSGE in the CEE/SW tradition; see the household objective and Euler condition on pp. 5–6. Gertler and Karadi - 2009 - A m…"
NK_GK09lin,Sticky_Price_Method,Calvo,"Calvo. Retailers face Calvo price setting: each period a firm can adjust freely only with probability 1−ς, while otherwise it keeps price mechanically updated by lagged inflation indexation; see p. 16. Gertler and Karadi - 2009 - A m…"
NK_GK09lin,Sticky_Price_Sector,Final Goods Firms,Final Goods Firms. Sticky prices apply at the retail/final-goods stage: retail firms repackage intermediate output into differentiated final goods and face Calvo price adjustment; see p. 16. Gertler and Karadi - 2009 - A m…
NK_GK09lin,Working_Paper,false,"False. The April 2009 version is a working paper, but the model was later published in the Journal of Monetary Economics as “A model of unconventional monetary policy,” Vol. 58, 2011, pp. 17–34; the uploaded 2009 version itself is dated April 2009 on p. 1. Gertler and Karadi - 2009 - A m…"
NK_GK11,CB_Authors,50,"True; 50% (1 of 2 authors). Peter Karadi counts: the paper’s title page lists him as affiliated with the National Bank of Hungary on p. 17, and his ECB profile reports 2010–2012 Senior Economist, Research Department, Magyar Nemzeti Bank (Central Bank of Hungary); Mark Gertler does not count because the central-bank roles I found are consultant/advisory roles, while his main listed appointment is NYU/NBER. Gertler and Karadi - 2011 - A m…"
NK_GK11,Gov_Spend,false,"False. Government spending enters the resource constraint, but it is exogenously fixed at level G, financed by lump-sum taxes, and calibrated only as a steady-state share G/Y=0.200, so it is not a nontrivial equilibrium-driving fiscal block. See p. 25 for the resource constraint/government policy and p. 26 for the calibration. Gertler and Karadi - 2011 - A m… Gertler and Karadi - 2011 - A m…"
NK_GK11,Tax,false,"False. Taxes appear only as lump-sum taxes T t ​ in the household budget constraint and government budget constraint; they finance fixed government spending and government intermediation costs, but there is no distortionary tax rule or nontrivial tax channel. See p. 20 for T t ​ in the household budget constraint and p. 25 for “financed by lump sum taxes.” Gertler and Karadi - 2011 - A m… Gertler and Karadi - 2011 - A m…"
NK_GK11,Rational_Expectations,true,"True. The model uses standard rational/model-consistent expectations: the equilibrium conditions and policy rules are written with E t ​ expectations over future returns/spreads, including the Fisher relation and credit-policy rule on p. 25. Gertler and Karadi - 2011 - A m…"
NK_GK11,Sticky_Price_Method,Calvo,"Calvo. Retailers can re-optimize prices only with probability 1−γ, while the remaining firms index non-reset prices to lagged inflation, which is Calvo pricing with indexation. See p. 24. Gertler and Karadi - 2011 - A m…"
NK_GK11,Sticky_Price_Sector,Final Goods Firms,"Final Goods Firms. Sticky prices apply at the retailer/final-goods stage: intermediate goods producers sell output to retailers, and retailers are the monopolistic competitors that reset prices with Calvo probability 1−γ. See p. 24. Gertler and Karadi - 2011 - A m…"
NK_GK13,CB_Authors,50,"True — 50% (1 of 2 authors). The paper’s title page lists Mark Gertler at NYU and Peter Karadi at the European Central Bank, p. 5; Karadi’s ECB profile reports prior central-bank employment as Senior Economist, Research Department, Magyar Nemzeti Bank, 2010–2012, before the January 2013 publication, while Gertler’s central-bank links I found are consulting/advisory/visiting roles, which I do not count. Gertler and Karadi - QE 1 vs. 2… newyorkfed.org +3 ecb.europa.eu +3 wp.nyu.edu +3"
NK_GK13,Tax,false,"False. Taxes appear only as lump-sum fiscal backing in the consolidated government budget constraint on p. 31, so they finance G, debt-service costs, and central-bank intermediation gains/losses without adding a distortionary tax margin that materially affects equilibrium allocations. Gertler and Karadi - QE 1 vs. 2…"
NK_GK13,Sticky_Price_Sector,Intermediate Goods Firms,"Intermediate Goods Firms. The sticky-price block is applied to monopolistically competitive retail firms that repackage intermediate output into differentiated goods and set prices à la Calvo, so for coding purposes this is best classified as sticky prices in the intermediate/retail goods-producing sector rather than final-good aggregation; see pp. 28 and 31. Gertler and Karadi - QE 1 vs. 2… Gertler and Karadi - QE 1 vs. 2…"
NK_GLSV07,CB_Authors,66.7,"True — 66.7% (2 of 3 authors). The paper itself states on p. 227 that “the last two authors worked at the Research Department of the Banco de España,” which means J. David López-Salido and Javier Vallés count; López-Salido’s Banco de España/Fed employment history is also confirmed by his Banco de España CV/profile, while I found no evidence that Jordi Galí had a qualifying central-bank employment position before publication, only Banco de España hospitality/financial support, which does not count. Galí et al. - 2007 - Understand… bde.es +2 bde.es +2"
NK_GLSV07,Rational_Expectations,true,"True. The model uses forward-looking rational expectations: its equilibrium conditions include terms such as E t ​ {π t+1 ​ } and expected future real rates, and the authors analyze uniqueness of equilibrium/determinacy rather than learning dynamics. See pp. 245 and 247. Galí et al. - 2007 - Understand… Galí et al. - 2007 - Understand…"
NK_GLSV07,Sticky_Wages,false,"False. Sticky nominal wage setting is not part of the model; the authors explicitly list “staggered nominal wage setting or some form of real wage rigidity” as a possible future extension, not a feature of their framework. See p. 261. Galí et al. - 2007 - Understand…"
NK_GLSV07,Date_Pub,2007,"March 2007. The title page lists the publication as Journal of the European Economic Association, March 2007, 5(1):227–270. Galí et al. - 2007 - Understand…"
NK_GM05,CB_Authors,0,"False — 0% (0/2). The paper lists Jordi Galí and Tommaso Monacelli as the two authors on p. 707; Galí’s CV/background show academic posts and central-bank consulting only, while Monacelli’s CV shows ECB consulting/visiting researcher roles and other research-fellow/visiting roles, which I am excluding under your rule. Galí and Monacelli - 2005 - Mon… cepr.org +3 crei.cat +3 economics.unibocconi.eu +3"
NK_GM05,Rational_Expectations,true,"True. The model uses rational/model-consistent expectations, with household utility written under E 0 ​ on p. 710 and the log-linear equilibrium conditions written with E t ​ {⋅} expectations; there is no learning block. Galí and Monacelli - 2005 - Mon…"
NK_GM05,Sticky_Price_Sector,Intermediate Goods Firms,"Intermediate Goods Firms. The model has a continuum of differentiated domestic producers/firms, and those firms set prices in staggered Calvo fashion; see the firm technology and price-setting block on p. 715. Galí and Monacelli - 2005 - Mon…"
NK_GM05,Date_Pub,2005,"2005. The paper appears in Review of Economic Studies 72 with copyright year 2005, and the first page is p. 707. Galí and Monacelli - 2005 - Mon…"
NK_GM07,CB_Authors,50,"True — 50% (1 of 2 authors). The paper’s title page lists Marvin Goodfriend and Bennett T. McCallum as the authors and gives the NBER working-paper date as June 2007, p. 1/title page; Goodfriend worked at the Federal Reserve Bank of Richmond before publication, including as an economist from 1978 and later senior vice president/policy advisor/director of research, while McCallum’s central-bank links appear to have been consulting/visiting-scholar roles, which do not count under your rule. Goodfriend and McCallum - 2007 … richmondfed.org +2 richmondfed.org +2"
NK_GM07,Gov_Spend,false,"False. Government spending appears only in the government budget constraint, but the authors explicitly state, “For simplicity, we keep government spending g t ​ equal to zero throughout,” so it does not play a nontrivial equilibrium role in the model, p. 10 n.12. Goodfriend and McCallum - 2007 …"
NK_GM07,Tax,false,"False. The household budget constraint includes real lump-sum taxes tax t ​ , but taxes only finance the consolidated government/central-bank budget constraint; there is no distortionary tax wedge or fiscal feedback channel, so taxes do not have a nontrivial equilibrium role, p. 7 and p. 10. Goodfriend and McCallum - 2007 … Goodfriend and McCallum - 2007 …"
NK_GM07,Rational_Expectations,true,"True. The model is a forward-looking optimizing NNS/New Keynesian model, with equilibrium conditions using E t ​ expectations over future prices, multipliers, and returns; this is a rational-expectations setup rather than adaptive learning, pp. 1 and 10. Goodfriend and McCallum - 2007 …"
NK_GM07,Lagged_Terms,true,"True. The baseline private-sector model is mostly forward-looking/static around steady state, but the dynamic policy block includes nontrivial lags: the interest-rate rule includes lagged R t−1 IB ​ for interest-rate smoothing, and the alternative money-growth rule includes lagged Δh t−1 ​ , p. 24. Goodfriend and McCallum - 2007 …"
NK_GM07,Sticky_Price_Sector,Final Goods Firms,"Final Goods Firms. Sticky pricing applies to the monopolistically competitive goods producers supplying differentiated consumption goods: the household/producer has market power over its own produced good and faces a Dixit–Stiglitz demand system, and the sticky-price version replaces the goods-sector labor-demand equation with a Calvo price-adjustment relation, pp. 6–7 and 10. Goodfriend and McCallum - 2007 … Goodfriend and McCallum - 2007 …"
NK_GM16,CB_Authors,0,"False — 0% (0/2 authors). The paper’s title page lists Jordi Galí and Tommaso Monacelli as the two authors (p. 3829), and I found only advisory/visitor/consulting-type central-bank links before publication: Galí lists Norges Bank “Scientific Advisor,” ECB “Research Visitor,” Fed “Visiting Scholar,” etc., while Monacelli lists ECB consultant/visiting researcher and Riksbank visiting researcher, all excluded under your rule. Galí and Monacelli - 2016 - Und… crei.cat +2 economics.unibocconi.eu +2"
NK_GM16,Rational_Expectations,true,"True. The equilibrium conditions use model-consistent expectations, e.g. the Euler equation and Phillips curves include E t ​ {c t+1 ​ }, E t ​ {π t+1 ​ }, and E t ​ {π t+1 w ​ }, with no learning or alternative expectation-formation mechanism; cite p. 3837. Galí and Monacelli - 2016 - Und…"
NK_GM16,Sticky_Price_Sector,Final Goods Firms,"Final Goods Firms. The paper says its baseline model builds on Galí–Monacelli (2005), whose Calvo price-setting applies to domestic firms producing differentiated goods in the final consumption-good economy; in this model’s own notation, the relevant sticky-price Phillips curve is for domestic goods inflation π H,t ​ , so code it as Final Goods Firms; cite p. 3831. Galí and Monacelli - 2016 - Und…"
NK_GM16,Price_Index_Method,Prev Price Inflation,"Prev Price Inflation. In the medium-scale DSGE extension, non-reoptimizing domestic producers and importers index their prices to lagged inflation, so the price-indexation method is previous price inflation; cite p. 3851. Galí and Monacelli - 2016 - Und…"
NK_GM16,Wage_Index_Method,Prev Wage Inflation,"Prev Wage Inflation. The medium-scale DSGE extension says non-reoptimizing workers mechanically index wages to lagged wage inflation, so the wage-indexation method is previous wage inflation; cite p. 3851. Galí and Monacelli - 2016 - Und…"
NK_GS14,Rational_Expectations,true,"True. The model uses rational expectations: households and entrepreneurs maximize expected discounted utility with E 0 ​ , and equilibrium conditions include conditional expectations E t ​ , e.g. the household Euler equation and Phillips curve on pp. 149–150 and 173. Gambacorta and Signoretti - 201… Gambacorta and Signoretti - 201…"
NK_GS14,Lagged_Terms,true,"True. Lagged state variables enter nontrivially through entrepreneurs’ net worth and loan demand, bank capital accumulation, physical capital accumulation, and the resource constraint; for example, Eq. (20) on p. 153 includes r ~ t−1 b ​ , B t−1 ​ , and K t−1 ​ , while Appendix C on p. 173 includes lagged bank capital/profits and lagged physical capital. Gambacorta and Signoretti - 201… Gambacorta and Signoretti - 201…"
NK_GS14,Sticky_Price_Sector,Final Goods Firms,"Final Goods Firms. Sticky prices apply at the retailer/final-good stage: retailers buy intermediate goods from entrepreneurs, costlessly differentiate/brand them, and sell the differentiated goods with Rotemberg price stickiness; see p. 149. Gambacorta and Signoretti - 201…"
NK_GSSZ17,CB_Authors,75,"True — 75% (3/4 authors). The paper’s first page lists the authors and gives Sim and Zakrajšek as Federal Reserve Board staff on p. 785; external checks show Gilchrist was a Fed Board staff economist before BU, Sim was listed at the Federal Reserve Board in 2012, and Zakrajšek began in the Federal Reserve System in 1995, while Schoenle’s central-bank employment appears later rather than prior to the 2017 publication. Gilchrist et al. - 2017 - Infla… bostonfed.org +3 bostonfed.org +3 aeaweb.org +3"
NK_GSSZ17,Rational_Expectations,true,"True. The model is a forward-looking general-equilibrium model: firms choose prices by trading off current profits against future customer-base value, and the Phillips-curve section/model simulations use expected future variables, which is the rational-expectations convention unless otherwise stated; see the model setup on p. 787. Gilchrist et al. - 2017 - Infla…"
NK_GSSZ17,Lagged_Terms,true,"True. The model has nontrivial lagged state variables through customer-market/deep-habit dynamics: the customer base is sticky and current pricing affects future demand/market share, so past customer relationships enter equilibrium pricing incentives; see p. 787. Gilchrist et al. - 2017 - Infla…"
NK_GSSZ17,Sticky_Price_Sector,Other,"Other. Sticky prices apply to the monopolistically competitive customer-market firms that set producer prices/good-level prices; the paper does not use a separate final/intermediate-goods production chain for the nominal rigidity, so “Other” is the clean classification. Gilchrist et al. - 2017 - Infla…"
NK_GSSZ17,Sticky_Wages,false,"False. The model has nominal price rigidities, customer-market demand dynamics, and costly external equity finance, but no staggered wage setting or wage rigidity block; the model section list contains no wage-setting subsection. Gilchrist et al. - 2017 - Infla…"
NK_IR04,CB_Authors,100,"True — 100%. The paper has one author, Peter N. Ireland, and the paper’s title page identifies him as the sole author and as a Boston College professor on p. 969. Ireland - 2004 - Money’s Role i… His Richmond Fed profile states that he was an economist in the Research Department of the Federal Reserve Bank of Richmond from 1991 to 1996, which is central-bank employment prior to the 2004 publication. richmondfed.org"
NK_IR04,Lagged_Terms,true,"True. The monetary policy rule includes lagged variables: r t ​ responds to r t−1 ​ , y t−1 ​ , and π t−1 ​ , with the lagged interest rate generating gradual interest-rate adjustment on p. 974. Ireland - 2004 - Money’s Role i…"
NK_IR04,Date_Pub,2004,"2004. The paper was published in the Journal of Money, Credit, and Banking, Vol. 36, No. 6, in December 2004, as shown on p. 969. Ireland - 2004 - Money’s Role i…"
NK_IR04,Est_Date_Range_Start,1980,"1980:Q1. Ireland estimates the model using quarterly U.S. data running from 1980:Q1 through 2001:Q3, as stated on p. 978. mmb-model-description"
NK_IR04,Est_Date_Range_End,2001,"2001:Q3. Ireland estimates the model using quarterly U.S. data running from 1980:Q1 through 2001:Q3, as stated on p. 978. mmb-model-description"
NK_IR04,Calibrated,true,"True. The model is mainly estimated by maximum likelihood, but two structural parameters are fixed prior to estimation: Ireland states that ω 1 ​ =1 and ψ=0.1 are held fixed because unconstrained estimation gave unreasonable values, on p. 975. Ireland - 2004 - Money’s Role i…"
NK_JO15_ht,Rational_Expectations,true,"True. The model uses rational expectations: its New Keynesian Phillips curves are explicitly forward-looking with E t ​ (π t+1 ​ ) terms on p. 13, and the model is solved as a standard Dynare DSGE simulation. Jang and Okano - 2015 - Product…"
NK_JO15_ht,Lagged_Terms,true,"True. The model includes lagged terms through interest-rate smoothing in the Taylor rule, r ^ t ​ =ϱ r ^ t−1 ​ +(1−ϱ)(ϕ π ​ π t ​ +ϕ x ​ x t ​ )+m t ​ , and CPI inflation also contains changes in output gaps and productivity, e.g. x t ​ −x t−1 ​ and a t ​ −a t−1 ​ , on p. 14. Jang and Okano - 2015 - Product…"
NK_JO15_ht,Sticky_Price_Sector,Other,"Other. Sticky prices apply to the monopolistically competitive differentiated-goods producers in each country: p. 9 says a “typical firm” produces a differentiated good and then assumes, following Calvo–Yun, that firms set prices in staggered fashion. Jang and Okano - 2015 - Product…"
NK_KM16,CB_Authors,100,"True — 100% (2/2 authors). Krause worked as a Senior Research Economist at the Deutsche Bundesbank from 2005–2013, and Moyen is listed in the paper as being at the Deutsche Bundesbank Economic Research Center; the paper itself identifies the authors as Michael U. Krause and Stéphane Moyen and gives Moyen’s Bundesbank affiliation on p. 142/143. Krause and Moyen - 2016 - Publi… wiso.uni-koeln.de +1"
NK_KM16,Learning,true,True. The model explicitly includes “learning about the inflation target” via imperfect information: agents solve a signal-extraction problem using a Kalman filter to infer whether policy changes reflect transitory shocks or persistent changes in the inflation target; see p. 143 and p. 147. Krause and Moyen - 2016 - Publi… Krause and Moyen - 2016 - Publi…
NK_KM16,Sticky_Price_Sector,Intermediate Goods Firms,"Intermediate Goods Firms. The paper says firms are monopolistic competitors selling differentiated products and set prices with Calvo adjustment, which corresponds to sticky pricing at the differentiated/intermediate-goods firm level; see p. 147. Krause and Moyen - 2016 - Publi…"
NK_KM16,Price_Indexation,false,"False. The paper specifies Calvo sticky prices but does not include backward price indexation; the pricing block is described simply as stochastic Calvo adjustment on p. 147, and the calibration lists only the Calvo parameter θ=0.75, with no indexation parameter on p. 157. Krause and Moyen - 2016 - Publi… Krause and Moyen - 2016 - Publi…"
NK_KRS12,CB_Authors,66.7,"True — 66.7% (2/3 authors). The paper’s title page lists Prakash Kannan, Pau Rabanal, and Alasdair M. Scott as the authors, all IMF-affiliated at publication; Kannan previously worked at Bank Negara Malaysia, and Scott previously worked at the Reserve Bank of New Zealand and Bank of England, while Rabanal’s Bank of Spain role was only a summer internship, which I exclude. Kannan et al. - 2012 - Monetary… gic.com.sg +2 imf.org +2"
NK_KRS12,Gov_Debt,false,"False. The model has private deposits/loans between savers, intermediaries, and borrowers, but the market-clearing condition is only αB t ​ +(1−α)B t B ​ =0, so there is no government debt stock or government budget/debt block affecting equilibrium on p. 11. Kannan et al. - 2012 - Monetary…"
NK_KRS12,Rational_Expectations,true,"True. The model is a forward-looking DSGE model: household optimality conditions and Calvo price-setting conditions explicitly involve expectations E t ​ of future variables, and there is no alternative learning/adaptive-expectations mechanism specified. Kannan et al. - 2012 - Monetary…"
NK_KRS12,Sticky_Wages,false,"False. Wages are flexible labor-market-clearing prices: the equilibrium definition includes wages W t C ​ and W t D ​ , and labor supply/market-clearing conditions are imposed, but the only nominal rigidity specified is Calvo price setting by intermediate-goods firms on pp. 9–10. Kannan et al. - 2012 - Monetary…"
NK_KRS12,Date_Pub,2012,"2012. The title page lists the article in The B.E. Journal of Macroeconomics, Volume 12, Issue 1, Article 16, with publication by De Gruyter in 2012. Kannan et al. - 2012 - Monetary…"
NK_KW16,Tax,false,"False. The model includes lump-sum taxes that adjust with lagged debt to ensure fiscal solvency, but the paper explicitly says that adding small distortionary taxes is “unlikely to change” the qualitative conclusions; the substantive equilibrium channel is deficit financing through banks/MMFs, not tax distortions. See p. 58, equations (13)–(15). Kirchner and Wijnbergen - 2016 …"
NK_KW16,Rational_Expectations,true,"True. The model uses standard forward-looking expectations: households maximize “expected discounted utility,” and the monetary/financial equilibrium includes expected future returns and continuation values, with no alternative learning or bounded-rationality mechanism. See p. 55 for household expectations and p. 56 for banks’ expected terminal-wealth problem. Kirchner and Wijnbergen - 2016 …"
NK_KW16,Lagged_Terms,true,"True. The model has nontrivial lagged state dependence through habit formation in consumption, one-period government debt rollover, lagged debt in the tax rule, and interest-rate smoothing in the Taylor rule. See p. 55 for habit formation, p. 58 for lagged debt/taxes, and p. 59 for the calibrated interest-rate smoothing parameter. Kirchner and Wijnbergen - 2016 … Kirchner and Wijnbergen - 2016 … Kirchner and Wijnbergen - 2016 …"
NK_KW16,Sticky_Price_Sector,Intermediate Goods Firms,"Intermediate Goods Firms. The production chain has intermediate goods producers making differentiated goods that are bought/repackaged by retail firms, and the paper calibrates the “elasticity of substitution among intermediate goods” together with the “Calvo probability of keeping prices fixed,” so the sticky-price block applies to differentiated intermediate goods prices. See pp. 55 and 58. Kirchner and Wijnbergen - 2016 … Kirchner and Wijnbergen - 2016 …"
NK_MCN99cr,Gov_Spend,false,"False. The model’s equilibrium block is an IS equation, money-demand/LM equation, exogenous investment/capacity-output processes, and price adjustment; government spending appears only as an instrument for estimation, not as a modeled fiscal sector affecting equilibrium. See pp. 20–23 for the aggregate-demand block and p. 29 for “AgFt,” the log change in quarterly defense spending, used only as an instrument. McCallum and Nelson - 1999 - Pe… McCallum and Nelson - 1999 - Pe… McCallum and Nelson - 1999 - Pe…"
NK_MCN99cr,Rational_Expectations,true,"True. The model has rational expectations: its structural equations include expectations such as E t ​ y t+1 ​ and E t ​ Δp t+1 ​ , and the authors use the MSV “bubble-free” rational-expectations solution concept on p. 26. McCallum and Nelson - 1999 - Pe… McCallum and Nelson - 1999 - Pe…"
NK_MCN99cr,Lagged_Terms,true,"True. Lagged terms matter through the policy-rule experiments and the P-bar variant: the authors explicitly compare contemporaneous versus lagged policy responses and note that lagged responses change stabilization performance, while the P-bar price adjustment equation uses lagged price/output-gap terms. See pp. 26 and 35–37. McCallum and Nelson - 1999 - Pe… McCallum and Nelson - 1999 - Pe… McCallum and Nelson - 1999 - Pe…"
NK_MCN99cr,Sticky_Price_Method,Calvo,"Calvo. More precisely, the paper uses two aggregate-supply variants: a Roberts-style Calvo–Rotemberg Phillips curve and an alternative P-bar price-adjustment model, but for the MMB “NK_MCN99cr” implementation the sticky-price method is coded as the Calvo–Rotemberg model; see pp. 16 and 48. McCallum and Nelson - 1999 - Pe… McCallum and Nelson - 1999 - Pe…"
NK_MCN99cr,Sticky_Price_Sector,Final Goods Firms,"Final Goods Firms. The relevant McCallum–Nelson sticky-price block is an aggregate final-goods price-adjustment setup: Gertler’s discussion of their “Calvo-Rotemberg Price Adjustment” variant says the model has monopolistic competition and price stickiness, with price stickiness motivated by quadratic costs of changing nominal prices; a related Clarida–Galí–Gertler note explicitly describes McCallum–Nelson (1999) as having “final goods prices sticky.” McCallum and Nelson - 1999 - Pe… Clarida et al. - 2002 - A Simpl…"
NK_MCN99cr,Date_Pub,1999,"January 1999. The NBER volume front matter lists the publication date as January 1999, and the chapter itself appears in Monetary Policy Rules, University of Chicago Press, pp. 15–56. McCallum and Nelson - 1999 - Pe…"
NK_MCN99cr,Working_Paper,false,"False. It was published as a chapter in the University of Chicago Press/NBER volume Monetary Policy Rules, not only as a working paper; the front matter lists the publisher, publication date, and chapter pages 15–56. McCallum and Nelson - 1999 - Pe…"
NK_MCN99cr,Est_Date_Range_Start,1955,1955. The authors state that their estimation uses quarterly U.S. data for 1955–96; see p. 16. McCallum and Nelson - 1999 - Pe…
NK_MCN99cr,Est_Date_Range_End,1996,1996. The authors state that estimation uses quarterly U.S. data for 1955–96; see p. 16. McCallum and Nelson - 1999 - Pe…
NK_MI14,Gov_Spend,true,"True. The model’s fiscal instrument is public employment: government hiring shifts aggregate labor demand, raises tightness, crowds out private employment less than one-for-one, and therefore changes aggregate employment/unemployment in equilibrium. See especially p. 191, where Michaillat states that increasing public employment raises labor-market tightness and affects private employment, and p. 199, where he states the multiplier is positive because crowding-out is less than one-for-one. Michaillat - 2014 - A Theory of… Michaillat - 2014 - A Theory of…"
NK_MI14,Tax,false,"False. The government uses a labor tax only to balance the budget each period; the equilibrium is solved taking public employment g and the real wage w as given, with aggregate employment and tightness pinned down by quasi-labor supply and aggregate labor demand, not by a tax wedge. On p. 195, taxes appear only as the financing instrument for public employment costs. Michaillat - 2014 - A Theory of…"
NK_MI14,Rational_Expectations,true,"True. The dynamic New Keynesian version uses model-consistent expectations: the firm labor-demand condition and the Phillips curve contain E t ​ [⋅] terms, and the model is then simulated as a calibrated New Keynesian model. See p. 205 for the forward-looking equilibrium conditions. Michaillat - 2014 - A Theory of…"
NK_MI14,Lagged_Terms,true,"True. The dynamic model has nontrivial endogenous lags: employment follows n t ​ =(1−s)n t−1 ​ +[1−(1−s)n t−1 ​ ]f(θ t ​ ), and the resource constraint includes hiring costs based on n t ​ −(1−s)n t−1 ​ . These affect equilibrium labor-market dynamics, not just measurement or reporting. Michaillat - 2014 - A Theory of… Michaillat - 2014 - A Theory of…"
NK_MI14,Sticky_Price_Sector,Final Goods Firms,"Final Goods Firms. The paper says the household purchases the final good from firms, and the sticky-price block imposes Rotemberg quadratic price-adjustment costs on firm pricing in the New Keynesian extension. See p. 193 for final-good purchases from firms and p. 200 for quadratic price-adjustment costs. Michaillat - 2014 - A Theory of… Michaillat - 2014 - A Theory of…"
NK_MM10,Rational_Expectations,true,"True. The paper specifies household lifetime expected utility and forward-looking Euler/asset-pricing conditions using E t ​ , and defines a competitive equilibrium in terms of agents’ optimizing decision rules and market clearing, so it is a rational-expectations DSGE (pp. 561–564). Meh and Moran - 2010 - The role…"
NK_MM10,Sticky_Price_Method,Calvo,"Calvo. The paper says households set wages using a “variant of the mechanism used in the price-setting environment above,” with each agent receiving a reoptimization signal with probability 1−ϕ w ​ ; that is the Calvo/staggered-contract setup, applied analogously to prices (p. 562). Meh and Moran - 2010 - The role…"
NK_MM10,Sticky_Wage_Method,Calvo,"Calvo. Households reset wages only when they receive a reoptimization signal with probability 1−ϕ w ​ , with non-reoptimizing households updating according to the model’s wage-setting rule, so the sticky-wage mechanism is Calvo-style staggered wage setting (p. 562). Meh and Moran - 2010 - The role…"
NK_MM10,Price_Index_Method,Prev Price Inflation,"Prev Price Inflation. Non-reoptimizing firms index their prices to realized aggregate inflation from the previous period, so this is lagged/previous price inflation indexation rather than steady-state or mixed target indexation (p. 558). Meh and Moran - 2010 - The role…"
NK_MM10,Price_Index_Coverage,Partial,"Partial. Only non-reoptimizing firms index their prices to past aggregate inflation; reoptimizing firms reset prices optimally, so indexation does not cover all price setters in each period (p. 558). Meh and Moran - 2010 - The role…"
NK_MM10,Wage_Index_Coverage,Partial,"Partial. Only households that do not receive a wage-reoptimization signal index wages to lagged price inflation, while reoptimizing households choose a new optimal wage, so wage indexation does not cover all wage setters each period (p. 562). Meh and Moran - 2010 - The role…"
NK_MPT10,Rational_Expectations,true,"True. The model is written as a forward-looking DSGE with model-consistent expectations, e.g. the surplus equation contains E t ​ {⋅} over future surplus and discount factors, and the NK extension similarly uses E t ​ in the surplus condition; there is no adaptive-learning or non-rational expectations mechanism. See pp. 9 and 32–33. Monacelli et al. - 2010 - Unemp… Monacelli et al. - 2010 - Unemp…"
NK_MPT10,Sticky_Price_Sector,Final Goods Firms,"Final Goods Firms. Sticky prices apply in the retail sector: perfectly competitive intermediate firms sell wholesale goods to monopolistically competitive retailers, and those retailers face Calvo price rigidity when setting final goods prices; see p. 32. Monacelli et al. - 2010 - Unemp…"
NK_MPT10,Sticky_Wage_Method,Other,"Other. Sticky wages enter as an ad hoc real wage rigidity / partial-adjustment rule, w t ​ =(1−γ)w t nb ​ +γw t−1 ​ , rather than Calvo, Rotemberg, or formal wage contracting; the target wage is Nash-bargained, but the rigidity itself is imposed by lagged wage adjustment. See pp. 28–29. Monacelli et al. - 2010 - Unemp…"
NK_MPT10,Price_Indexation,false,"False. The NK extension uses standard Calvo price rigidity, but there is no price-indexation term tying non-reset or reset prices to lagged inflation; price dynamics are forward-looking rather than indexed. See p. 32. Monacelli et al. - 2010 - Unemp…"
NK_NS14,CB_Authors,50,"True — 50% (1 of 2 authors). The paper’s first page lists the authors as Emi Nakamura and Jón Steinsson, and Steinsson’s CV reports “Economist, Central Bank of Iceland, 2000–2001,” which is qualifying pre-publication central-bank employment; Nakamura’s listed Fed role was Junior Resident Scholar in 2007, which I would exclude under your rule against scholar/visiting/graduate-style positions. Paoli and Paustian - 2017 - Coo… eml.berkeley.edu +1"
NK_NS14,Rational_Expectations,true,"True. The paper log-linearizes the model’s equilibrium conditions and solves for the “unique bounded equilibrium” using Sims (2001), which is a standard linear rational-expectations solution method (p. 775). It also contains forward-looking household/financial-market conditions, including complete markets and optimal risk sharing across regions (p. 771). Nakamura and Steinsson - 2014 -… Nakamura and Steinsson - 2014 -…"
NK_NS14,Lagged_Terms,true,"True. The model has nontrivial lagged dynamics: the monetary policy rule includes interest-rate smoothing via the lagged nominal rate r ^ t−1 n ​ on p. 773, and government spending shocks follow a persistent AR(1) process with quarterly coefficient 0.933 on p. 777. Nakamura and Steinsson - 2014 -… Nakamura and Steinsson - 2014 -…"
NK_NS14,Sticky_Price_Sector,Other,"Other. Sticky prices apply to the monopolistically competitive differentiated-goods producers in each region: the paper defines a continuum of home/foreign varieties consumed by households, then has each firm z specialize in producing differentiated good z and face demand from home consumers, foreign consumers, and the government (pp. 770, 774). Nakamura and Steinsson - 2014 -… Nakamura and Steinsson - 2014 -…"
NK_NS14,Estimated,true,"True, but the theoretical model itself is calibrated rather than structurally estimated. The paper estimates the empirical open-economy relative multiplier using regional military-procurement variation and an instrumental-variables approach (pp. 759, 755); the model is then used to interpret/match that estimate, with parameter choices discussed under “Calibration of Preferences and Technology” (p. 775). Nakamura and Steinsson - 2014 -… Nakamura and Steinsson - 2014 -… Nakamura and Steinsson - 2014 -…"
NK_NS14,Est_Date_Range_Start,1966,"1966. The estimation sample uses annual state/regional output and military procurement data for 1966–2006 (p. 759), with the military procurement data compiled from DD-350 records beginning in 1966 (p. 758). Nakamura and Steinsson - 2014 -…"
NK_NS14,Est_Date_Range_End,2006,2006. The estimation sample uses annual state/regional output and military procurement data for 1966–2006 (p. 759). Nakamura and Steinsson - 2014 -…
NK_PP17,Gov_Spend,false,"False. Government activity only appears as lump-sum taxes/subsidies used to offset steady-state distortions, not as a nontrivial government-spending block; the final-good market-clearing condition is just output equals consumption plus Rotemberg price-adjustment costs on p. 326. Paoli and Paustian - 2017 - Coo…"
NK_PP17,Rational_Expectations,true,"True. The model is a standard forward-looking New Keynesian DSGE environment with model-consistent expectations: the equilibrium conditions use E t ​ expectations, and the policy problem is formulated under optimal plans/commitment or discretion rather than learning. See the model’s equilibrium system and policy closure on pp. 328–329. Paoli and Paustian - 2017 - Coo…"
NK_PP17,Lagged_Terms,true,"True. The model has economically meaningful lagged state variables: bank net worth evolves with n ^ t−1 ​ , R ^ t−1 ​ , δ ^ t−1 ​ , ϕ ^ ​ t−1 ​ , S ^ t−1 ​ , so past financial conditions directly affect current equilibrium dynamics. See the aggregate net-worth law of motion and log-linear equilibrium system on pp. 328–329. Paoli and Paustian - 2017 - Coo…"
NK_PP17,Sticky_Price_Sector,Final Goods Firms,Final Goods Firms. Sticky prices apply to final-good firms: the paper states that final-good firms are monopolistically competitive and face Rotemberg quadratic price-adjustment costs on p. 326. Paoli and Paustian - 2017 - Coo…
NK_PP17,Sticky_Wages,false,"False. The household labor supply condition is static and flexible, L t θ ​ c t σ ​ =Ω w ​ w t ​ , and there is no wage-setting block, wage Phillips curve, Calvo wage contract, or wage adjustment cost in the model setup on p. 325. Paoli and Paustian - 2017 - Coo…"
NK_RA16,Tax,false,"False. Taxes appear only as real lump-sum taxes T t ​ in the household budget constraint on p. 1572, so they finance the government side but do not introduce a distortionary margin or nontrivially affect equilibrium allocations. Rannenberg - 2016 - Bank Levera…"
NK_RA16,Gov_Debt,false,"False. Government bonds appear only as one-quarter, risk-free assets that are perfect substitutes with bank deposits and earn the same interest rate in the household problem on p. 1572; there is no nontrivial public-debt stock, maturity structure, fiscal solvency channel, or sovereign-debt/bank-balance-sheet mechanism driving equilibrium. Rannenberg - 2016 - Bank Levera…"
NK_RA16,Rational_Expectations,true,"True. The model is written as a standard forward-looking DSGE with conditional expectations E t ​ in household utility and financial-sector pricing conditions on pp. 1572 and 1576, so the maintained solution concept is rational/model-consistent expectations rather than adaptive or learning expectations. Rannenberg - 2016 - Bank Levera…"
NK_RA16,Sticky_Price_Sector,Intermediate Goods Firms,"Intermediate Goods Firms. Sticky prices apply to the monopolistically competitive retail firms that produce the differentiated varieties in the CES basket; in this classification, those are the price-setting intermediate-goods firms rather than the final aggregator. See p. 1573. Rannenberg - 2016 - Bank Levera…"
NK_RA16,Price_Index_Coverage,Partial,"Partial. Only non-optimizing retail firms that cannot reset prices under Calvo pricing index their prices, while the fraction 1−ξ P ​ that can reset chooses optimal prices; see p. 1573. Rannenberg - 2016 - Bank Levera…"
NK_RW06,CB_Authors,50,"True — 50% (1/2 authors). Ravenna and Walsh are listed on p. 199 of the paper, but Ravenna’s pre-publication central-bank link appears to be only Federal Reserve Bank of San Francisco visiting scholar since 2003, which I would not count; Walsh does count because he was Senior Economist at the Federal Reserve Bank of San Francisco, 1985–1987, before the 2006 publication. Ravenna and Walsh - 2006 - Opti… hec.ca +1"
NK_RW06,Rational_Expectations,true,"True. The model is explicitly forward-looking with conditional expectations E t ​ , including the household objective on p. 201 and the sticky-price equilibrium equations E t ​ π t+1 ​ , E t ​ x t+1 ​ on p. 211; this is the standard rational-expectations NK setup. Ravenna and Walsh - 2006 - Opti… Ravenna and Walsh - 2006 - Opti…"
NK_RW06,Lagged_Terms,false,"False. The core sticky-price equilibrium is forward-looking—IS and Phillips equations use E t ​ x t+1 ​ and E t ​ π t+1 ​ , not lagged endogenous terms—though the paper does assume persistent AR(1) exogenous shocks such as A ^ t ​ =ρ a ​ A ^ t−1 ​ +a t ​ on p. 212. Ravenna and Walsh - 2006 - Opti…"
NK_RW06,Sticky_Price_Sector,Final Goods Firms,"Final Goods Firms. Sticky prices apply to the monopolistically competitive firms producing differentiated final goods: the paper states that the composite consumption good consists of differentiated products produced by “monopolistically competitive final goods producers,” and then applies Calvo price adjustment to those firms on pp. 201–202. Ravenna and Walsh - 2006 - Opti…"
NK_RW06,Price_Index_Method,Steady State Inflation,"Steady State Inflation. Non-reoptimizing firms update their previous price by the steady-state inflation rate, not by lagged realized inflation, under the Calvo price-setting rule on p. 202. Ravenna and Walsh - 2006 - Opti…"
NK_RW06,Price_Index_Coverage,Partial,"Partial. Only the fraction ω of firms that do not optimally adjust prices index/update their previous price by steady-state inflation, while the fraction 1−ω reoptimizes, so indexation is partial on p. 202. Ravenna and Walsh - 2006 - Opti…"
NK_RW06,Estimated,true,True. Section 3 estimates a New Keynesian inflation-adjustment equation for U.S. quarterly data from 1960:Q1–2001:Q1 and tests for the cost channel; the paper reports GMM estimates on pp. 206–209. Ravenna and Walsh - 2006 - Opti… Ravenna and Walsh - 2006 - Opti…
NK_RW06,Est_Date_Range_Start,1960,1960:Q1. The paper’s empirical section says the inflation-adjustment equation is estimated using quarterly U.S. data over 1960:Q1–2001:Q1 on p. 207. Ravenna and Walsh - 2006 - Opti…
NK_RW06,Est_Date_Range_End,2001,2001:Q1. The empirical section states that the model’s inflation-adjustment equation is estimated using quarterly U.S. data over 1960:Q1–2001:Q1 on p. 207. Ravenna and Walsh - 2006 - Opti…
NK_RW97,CB_Authors,0,"False — 0% (0/2 authors). The paper’s first page lists Rotemberg at MIT and Woodford at Princeton, not central-bank affiliations (p. 297). Rotemberg and Woodford - 1997 -… Rotemberg’s biography shows academic appointments at MIT/HBS before publication and only a later 2007 Federal Reserve Bank of Boston visiting-scholar role, which does not count; Woodford’s CV lists academic posts plus Fed “visitor” and “consultant” roles before publication, which also do not count as central-bank employment. hbs.edu +1"
NK_RW97,Gov_Spend,false,"False. The model includes G t ​ as “exogenous variation in autonomous spending,” with government purchases only one possible interpretation, and the authors explicitly say they do not identify G t ​ with government purchases in the national accounts (p. 313). Rotemberg and Woodford - 1997 -…"
NK_RW97,Tax,false,"False. The model has a constant sales/output tax rate in firms’ pricing (p. 315), but it is not a nontrivial equilibrium object for the paper’s monetary-policy experiments; in the welfare section, they explicitly adjust a constant income-tax rate only to keep the average level of output optimal and independent of monetary policy, not as an active fiscal channel (p. 334). Rotemberg and Woodford - 1997 -… Rotemberg and Woodford - 1997 -…"
NK_RW97,Sticky_Price_Sector,Other,Other. Sticky prices apply to the differentiated goods/services sold by monopolistically competitive “sellers”; the paper does not use a separate final-goods versus intermediate-goods sector structure for price stickiness (p. 314). Rotemberg and Woodford - 1997 -…
NK_RW97,Published,false,"False. It was published in NBER Macroeconomics Annual 1997, pp. 297–346, which is an edited annual conference volume rather than a standard academic journal article. Rotemberg and Woodford - 1997 -…"
NK_RW97,Estimated,true,True. The paper explicitly says it estimates a VAR and then estimates structural parameters by choosing values that minimize the distance between theoretical and estimated impulse responses (pp. 299–300). Gertler and Karadi - QE 1 vs. 2…
NK_RW97,Est_Date_Range_Start,1980,1980:Q1. The VAR estimation sample begins in 1980:Q1 because the authors view U.S. monetary policy as having changed significantly around then (p. 302). Rotemberg and Woodford - 1997 -…
NK_RW97,Est_Date_Range_End,1995,"1995:Q2. The VAR estimation sample ends in 1995:Q2, with quarterly data over 1980:Q1–1995:Q2 (p. 302). Rotemberg and Woodford - 1997 -…"
NK_ST13,Tax,False,"Taxes do not enter the household budget constraint or any fiscal rule; Stracca says the government plays a completely passive role and just balances its books on p. 566, so there is no nontrivial tax channel affecting equilibrium."
NK_ST13,Rational_Expectations,True,"The model uses standard full-information, model-consistent expectations: the household maximizes expected utility with E_t, defined as the expectation operator based on full knowledge of all variables dated t on p. 569."
NK_ST13,Lagged_Terms,True,"The model has nontrivial lagged terms: household utility includes deposit adjustment costs depending on D_t - D_{t-1}, which capture sluggish adjustment of deposits to desired levels and enter the deposit FOC; see p. 569."
US_ACELm,CB_Authors,75,"True — 75% (3/4 authors). The title page lists Altig, Christiano, Eichenbaum, and Linde on p. 225; Altig, Christiano, and Linde had qualifying central-bank employment before publication, while Eichenbaum appears to have consultancy/advising roles only."
US_ACELm,Tax,False,"Taxes appear only as lump-sum instruments used to satisfy the government intertemporal budget constraint, so they are not distortionary and do not create a substantive equilibrium channel; see p. 231."
US_ACELm,Rational_Expectations,True,"The firm and household problems are explicitly written with conditional expectations operators E_t / E_t^j, and the model is solved as a standard optimizing DSGE rather than a learning or imperfect-information model (pp. 229-231)."
US_ACELm,Price_Index_Method,Prev Price Inflation,"Non-reoptimizing intermediate-goods firms index prices to lagged inflation, so the price-indexation method is previous price inflation; see p. 229."
US_ACELm,Price_Index_Coverage,Partial,"Price indexation applies only to firms that do not reoptimize their prices in a given period, while reoptimizing firms choose a new optimal price; see p. 229."
US_ACELm,Wage_Index_Method,Multiple,"Non-reoptimized wages are indexed using lagged price inflation together with steady-state growth terms, rather than previous wage inflation alone; see p. 231."
US_ACELm,Wage_Index_Coverage,Partial,"Wage indexation applies only to households that cannot reoptimize their wage in the current period; households selected to reoptimize choose a new optimal wage, so indexation is not universal across wage setters; see p. 231."
US_ACELm,Date_Pub,2011,"The paper was published in Review of Economic Dynamics, volume 14, pages 225-247, with publication year 2011 shown on the title page; see p. 225."
US_ACELm,Working_Paper,False,"It was published in Review of Economic Dynamics 14 (2011), pages 225-247, so it is not only a working paper; see p. 225."
US_ACELm,Published,True,"It was published in the academic journal Review of Economic Dynamics, volume 14, pages 225-247; see p. 225."
US_ACELm,Calibrated,True,"The model is partly calibrated: the authors set several parameters directly, including alpha=0.36, delta=0.025, lambda_w=1.05, and psi_L=1, while estimating the remaining key parameters; see p. 236."
US_ACELswt,CB_Authors,75,"True — 75% (3/4 authors). Altig counts because he was at the Federal Reserve Bank of Atlanta, Christiano counts because his Kellogg bio says he worked at the Federal Reserve Bank of Minneapolis from 1985–1992, and Lindé counts because the paper lists him at the Board of Governors; Eichenbaum does not count because the evidence I found is consultant/advisor roles, which your rule excludes. The paper’s first page lists the four authors and affiliations, including Altig at the Atlanta Fed and Lindé at the Board of Governors (p. 225).  Altig et al. - 2011 - Firm-spec…   chicagofed.org +3 atlantafed.org +3 kellogg.northwestern.edu +3"
US_ACELswt,Tax,False,"False. Taxes enter, at most, as lump-sum fiscal closure and do not create wedges in household or firm optimality conditions; the equilibrium resource constraint on p. 231 has no distortionary tax terms.  Altig et al. - 2011 - Firm-spec…"
US_ACELswt,Rational_Expectations,True,"True. The model uses rational expectations: firms’ objective is written with E t 	​ , “the expectation operator conditioned on time t information,” and households maximize expected utility using E t j 	​ , their time-t information set, with no adaptive-learning mechanism (pp. 229–230).  Altig et al. - 2011 - Firm-spec…"
US_ACELswt,Price_Index_Coverage,Partial,"Partial. Price indexation applies only to non-reoptimizing firms; firms that receive the Calvo signal reset prices optimally, while non-reoptimizers index to previous-period inflation.  mmb-model-description"
US_ACELswt,Wage_Index_Coverage,Partial,"Partial. Wage indexation applies only to households that do not receive the Calvo wage-reoptimization signal; those non-reoptimizing wages follow W j,t 	​ =π t−1 	​ μ z ∗ 	​ W j,t−1 	​ , while reoptimizers choose a new wage.  Altig et al. - 2011 - Firm-spec…"
US_ACELswt,Date_Pub,2011,"2011. The paper was published in Review of Economic Dynamics, volume 14, pages 225–247, in 2011; the publication information appears on p. 225.  Altig et al. - 2011 - Firm-spec…"
US_ACELswt,Working_Paper,False,"False. It was published as a journal article in Review of Economic Dynamics, 14(2011), 225–247; the journal publication details appear on p. 225.  Altig et al. - 2011 - Firm-spec…"
US_ACELswt,Published,True,"True. It was published in the academic journal Review of Economic Dynamics, volume 14, pages 225–247, with the journal citation shown on p. 225.  Altig et al. - 2011 - Firm-spec…"
US_AJ16,Price_Index_Method,Prev Price Inflation,"Price indexation is to lagged/previous-period inflation: the model description states Calvo price setting with price indexation, and the corresponding non-reoptimizing-price rule is indexation to previous-period inflation."
US_AJ16,Wage_Index_Method,Prev Price Inflation,"Ajello model has sticky nominal wages with wage indexation, and the relevant SW-style wage-setting block in the MMB documentation says Calvo wage/price setting is indexed to past inflation rates, i.e. lagged price inflation rather than lagged wage inflation."
US_AJ16,Calibrated,True,"The model is primarily Bayesian-estimated, but Ajello also calibrates some parameters: Table 2 is titled Calibrated Values, Priors, and Posterior Estimates, and the text states that the financing-gap share, government-bond liquidity ratio, markups, government-spending share, and steady-state growth rate are calibrated; see pp. 2284-2286."
US_BKM12,CB_Authors,66.7,"True — 66.7% (2 of 3 authors). The paper’s first page lists the authors as Mark Bils, Peter J. Klenow, and Benjamin A. Malin, with Malin affiliated with the Federal Reserve Board at publication, p. 2798; Klenow’s CV reports Senior Economist at the Federal Reserve Bank of Minneapolis from 2000–2003, and Malin’s Minneapolis Fed bio reports six years as an economist at the Federal Reserve Board before joining Minneapolis in 2012, while Bils’s CV lists only academic/fellowship positions before publication.  Bils et al. - 2012 - Reset Pric…   klenow.com +2 minneapolisfed.org +2"
US_BKM12,Sticky_Price_Sector,Other,"Other. Sticky prices apply only in one of the two goods-producing sectors, while the other sector has flexible prices; this is not cleanly “all sectors,” “final goods firms,” or standard “intermediate goods firms,” so code the sector as Other, p. 23 of the MMB documentation.  mmb-model-description"
US_BKM12,Wage_Index_Coverage,Full,"Full. The US_BKM12 modification splits goods production into sticky- and flexible-price sectors, but it inherits the common US_SW07 labor/wage block, so wage indexation applies economy-wide to non-reoptimized wages rather than only to one sector, p. 23 and p. 42 of the MMB documentation.  mmb-model-description   mmb-model-description"
US_BKM12,Est_Date_Range_End,2009Q1,"ChatGPT reported the estimation sample ends in 2009Q1, whereas the spreadsheet specifies 2009Q3."
US_CCF12,CB_Authors,100,"True — 100% (3/3 authors). The paper’s first page is p. F289 in The Economic Journal version; before that 2012 publication, Han Chen was listed with the Federal Reserve Bank of New York on the 2011 Staff Report version, Vasco Cúrdia’s CV lists him as a New York Fed economist from Aug. 2006–Sep. 2012, and Andrea Ferrero’s Oxford profile says he spent seven years in the New York Fed Research Department before joining Oxford in Sept. 2013.  Chen et al. - 2012 - The Macroe…   newyorkfed.org +2 frbsf.org +2"
US_CCF12,Price_Index_Coverage,Partial,"Partial. Price indexation applies only to non-reoptimizing Calvo firms in the intermediate-goods sector, not to all firms/prices each period; see the price-setting block around p. F296.  Chen et al. - 2012 - The Macroe…"
US_CCF12,Wage_Index_Method,Other,"Other. Non-reset wages are indexed to steady-state inflation plus trend productivity growth, so it is not just steady-state inflation alone and not lagged wage inflation; see the wage-setting block around p. F295.  Chen et al. - 2012 - The Macroe…"
US_CCF12,Wage_Index_Coverage,Partial,"Partial. Wage indexation applies only to households/labor types that do not reoptimize wages in a given Calvo period, not to all wages through a universal indexation rule; see the wage-setting block around p. F295.  Chen et al. - 2012 - The Macroe…"
US_CCF12,Calibrated,True,"True. Although the model is Bayesian-estimated, some parameters are fixed/calibrated before estimation, so it is partly calibrated; see the calibration/estimation discussion around pp. F301–F303.  Chen et al. - 2012 - The Macroe…"
US_CCTW10,CB_Authors,50,"True — 50% (2 of 4 authors). The paper lists four authors on p. 281: Cogan, Cwik, Taylor, and Wieland; Taylor counts because he was a Research Adviser at the Federal Reserve Bank of Philadelphia (1981–84), and Wieland counts because he was a senior economist at the Federal Reserve Board before joining Goethe in 2000.  Fernández-Villaverde et al. - 2…   Federal Reserve Bank of Minneapolis +1 Cogan does not count: his listed pre-publication public-service roles are Labor/OMB, not a central bank; Cwik does not count because around the paper period he is listed as a Goethe doctoral candidate/affiliate, while later Fed/SNB roles are post-publication.  hoover.org +1"
US_CCTW10,Gov_Debt,False,"False. For US_CCTW10, government spending and taxes matter, but I would not code government debt as nontrivial: the MMB description says the rule-of-thumb extension adds a fiscal rule “for determining a particular path for taxes,” not a debt-stock mechanism affecting equilibrium, and “the rest of model is the same as in US_SW07” on p. 24.  mmb-model-description"
US_CCTW10,Sticky_Price_Sector,Intermediate Goods Firms,"Intermediate Goods Firms. US_CCTW10 says aggregate supply is “as in US_SW07” on p. 24; in US_SW07, final goods firms are competitive aggregators, while the continuum of intermediate firms produce differentiated goods and “set prices according to the Calvo model” on p. 42.  mmb-model-description   mmb-model-description"
US_CCTW10,Est_Date_Range_Start,1966Q1,"1966:1. US_CCTW10 reestimates the Smets–Wouters U.S. model using the same SW07 macro data set, and the MMB description for US_SW07 reports the estimation period as 1966:1–2004:4 on p. 42.  mmb-model-description"
US_CD08,Rational_Expectations,True,"True. The model is a standard rational-expectations DSGE: its equilibrium conditions are written with model-consistent expectations such as E t 	​ π t+1 	​ , E t 	​ r t+1 K 	​ , etc., and there is no learning or adaptive-expectations block. Cite pp. 158–164, especially the household/firm optimality conditions and log-linearized equilibrium system.  Christensen and Dib - 2008 - Th…"
US_CD08,Sticky_Price_Sector,Final Goods Firms,"Final Goods Firms. Sticky prices apply to the retailers, who buy intermediate/wholesale goods from entrepreneurs, differentiate them costlessly, and sell final goods in a monopolistically competitive market subject to Calvo/Yun price setting. Cite p. 162.  mmb-model-description"
US_CD08,Calibrated,True,"True. The paper estimates many structural parameters by maximum likelihood, but it also fixes/calibrates several parameters before estimation: discount factor, leisure weight, markup elasticity, depreciation, money-demand constant, steady-state inflation, steady-state external finance premium, leverage, and entrepreneur survival rate. Cite p. 163.  Christensen and Dib - 2008 - Th…"
US_CET15,CB_Authors,66.7,"True — 66.7% = 2/3 authors. Christiano counts: his CV lists him as Economist/Senior Economist/Research Officer at the Federal Reserve Bank of Minneapolis, 1985–1992, before the 2015 publication; Trabandt counts: his background lists actual economist/section-chief positions at the ECB, Deutsche Bundesbank, Sveriges Riksbank, and Federal Reserve Board; Eichenbaum does not count because the evidence I found is advisor/consultant roles, which your rule excludes.  Northwestern Economics +2 CEPR +2  The paper itself confirms the relevant paper and authors, and lists Trabandt’s Fed Board affiliation on p. 110.  Christiano et al. - 2015 - Unde…"
US_CET15,Tax,False,"False. Taxes appear only as lump-sum taxes net of transfers and firm profits in the household budget constraint on p. 116, so they do not create a nontrivial distortionary margin in the benchmark equilibrium. The authors explicitly note on p. 159 n.41 that robustness to distortionary labor income taxes is handled elsewhere, implying that the benchmark model uses lump-sum taxes rather than a substantive tax channel.  Christiano et al. - 2015 - Unde…   Christiano et al. - 2015 - Unde…"
US_CET15,Sticky_Price_Sector,Final Goods Firms,"Final Goods Firms. Sticky prices apply to the monopolistically competitive retailers/final-good sellers: the paper states that retailers buy wholesale goods, differentiate them, and set P j,t 	​ , with non-reoptimizers keeping P j,t 	​ =P j,t−1 	​  under Calvo pricing on p. 119.  Christiano et al. - 2015 - Unde…"
US_CET15,Calibrated,True,"True. The paper includes “Nonestimated Model Parameters and Calibrated Variables” in Table 1 on p. 133, alongside Bayesian estimation of other parameters.  Christiano et al. - 2015 - Unde…"
US_CFOP14,CB_Authors,75,"True — 75% (3 of 4 authors). Carlstrom, Fuerst, and Paustian count: the paper’s title page lists Carlstrom at the Federal Reserve Bank of Cleveland, Fuerst partly at the Federal Reserve Bank of Cleveland, and Paustian at the Federal Reserve Board on p. 130; external records confirm Carlstrom was a Cleveland Fed senior economic advisor in 2014, Fuerst was Senior Economic Advisor at the Cleveland Fed from 2008 onward, and Paustian worked at the Bank of England from 2008–2013 and the Federal Reserve Board from 2013 onward.  Carlstrom et al. - 2014 - Estim…   Cleveland Federal Reserve +2 Department of Economics +2  Ortiz does not count: his relevant central-bank-adjacent roles were CEMLA employment and a Federal Reserve Bank of Cleveland visiting-scholar position, and the latter is explicitly excluded by your rule.  albertoortiz.net"
US_CFOP14,Tax,False,"False. Taxes are only lump-sum taxes used to finance exogenous government spending, so they do not create a distortionary tax wedge or independent fiscal transmission channel; see the government/resource-constraint block on p. 138.  Carlstrom et al. - 2014 - Estim…"
US_CFOP14,Gov_Debt,False,"False. The model includes government bonds as a household saving asset, but there is no government-debt accumulation rule or debt-financing channel; government spending is simply exogenous in the model description, with households receiving lump-sum transfers on p. 138.  mmb-model-description"
US_CFOP14,Rational_Expectations,True,True. It is a standard rational-expectations DSGE/financial-accelerator model: the model’s equilibrium conditions use forward-looking conditional expectations E t 	​  and there is no alternative learning or bounded-rationality belief law; see the model setup beginning on p. 133.  Carlstrom et al. - 2014 - Estim…
US_CFOP14,Price_Index_Method,Prev Price Inflation,"Prev Price Inflation. Non-reoptimizing firms index their prices to lagged inflation, with the indexation parameter governing the degree of dependence on previous inflation; see p. 136."
US_CFOP14,Price_Index_Coverage,Partial,"Partial. Price indexation applies only to the fraction of intermediate-goods firms that cannot reoptimize in a given period, while resetters choose prices optimally; see the Calvo pricing block on p. 136."
US_CFOP14,Wage_Index_Coverage,Partial,Partial. Wage indexation applies only to households whose wages cannot be reoptimized under the Calvo wage-setting friction; see the household/labor wage block on p. 137.  Carlstrom et al. - 2014 - Estim…
US_CFOP14,Calibrated,True,"True. The model is mainly estimated, but it also fixes/calibrates some steady-state and structural parameters while estimating the remaining parameters by Bayesian methods; see the estimation setup and priors discussion around p. 140.  Carlstrom et al. - 2014 - Estim…"
US_CFP17exo,CB_Authors,100,"True — 100% (3/3 authors). Page 205 lists Carlstrom at the Federal Reserve Bank of Cleveland and Paustian at the Board of Governors, while external profiles show Carlstrom and Fuerst were former Federal Reserve Bank of Cleveland employees and Paustian worked at the Bank of England from 2008–2013 and the Federal Reserve Board from 2013 onward, all before the 2017 publication.  Carlstrom et al. - 2017 - Targe…   clevelandfed.org +2 clevelandfed.org +2"
US_CFP17exo,Tax,False,"False. Taxes appear only as lump-sum taxes T t 	​  in the household budget constraint on p. 210, so they are present as a financing/accounting object but not as distortionary taxes or a substantive fiscal-policy channel.  Carlstrom et al. - 2017 - Targe…"
US_CFP17exo,Rational_Expectations,True,"True. The model is a standard DNK/DSGE model written with model-consistent forward-looking expectations E t 	​ , rather than learning or bounded-rationality expectations; see the optimization conditions and model setup on pp. 208–212.  Carlstrom et al. - 2017 - Targe…"
US_CFP17exo,Sticky_Price_Method,Calvo,"Calvo. The paper uses Calvo price setting: only a fraction of intermediate firms can reoptimize each period, while non-adjusters index prices to lagged inflation; see p. 214.  Carlstrom et al. - 2017 - Targe…"
US_CFP17exo,Sticky_Wage_Method,Calvo,"Calvo. The wage block uses Calvo-style wage stickiness: each period only a fraction of households can reoptimize wages, while non-reoptimizers index wages according to the wage indexation rule; see p. 209.  Carlstrom et al. - 2017 - Targe…"
US_CFP17exo,Wage_Index_Method,Prev Wage Inflation,"Prev Wage Inflation. Non-reoptimizing households index their nominal wage using the wage indexation rule tied to lagged wage inflation, so this is previous wage inflation rather than price inflation or steady-state inflation. See p. 209.  Carlstrom et al. - 2017 - Targe…"
US_CFP17exo,Calibrated,True,True. The model is partly calibrated: the authors set several steady-state and financial parameters before estimating the remaining parameters by Bayesian methods; see p. 220.  Carlstrom et al. - 2017 - Targe…
US_CMR10,CB_Authors,True,"True — 100% (3/3 authors). Christiano had a qualifying central-bank job at the Federal Reserve Bank of Minneapolis from 1985–1992, while Motto joined the ECB in 2000 and Rostagno joined the ECB in 1998, all before the May 2010 working-paper publication; the paper’s title page lists Motto and Rostagno as ECB authors and Christiano as Northwestern/NBER.  Christiano et al. - 2010 - Fina…   faculty.wcas.northwestern.edu +1"
US_CMR10,Gov_Spend,True,"True. Government consumption G t 	​  enters the aggregate resource constraint and is modeled as G t 	​ =z t T 	​ g t 	​ , with g t 	​  a stationary stochastic process; the estimated model also includes  g ^ 	​ t 	​  among its 16 shocks, so this is more than a purely cosmetic fiscal term. See p. 24 for the resource constraint and government-consumption process, and p. 27 for the shock list.  Christiano et al. - 2010 - Fina…"
US_CMR10,Gov_Spend,True,"True. Government consumption G t 	​  enters the aggregate resource constraint and is modeled as G t 	​ =z t T 	​ g t 	​ , with g t 	​  a stationary stochastic process; the estimated model also includes  g ^ 	​ t 	​  among the structural shocks. See p. 24 for the resource constraint/government-consumption process and p. 27 for the shock list.  Christiano et al. - 2010 - Fina…"
US_CMR10,Sticky_Price_Method,Calvo,"Calvo. The goods-production block says intermediate-goods firms are monopolists “subject to a standard Calvo mechanism for price setting,” so the sticky-price method is Calvo, not Rotemberg or Other; see p. 7 and model section beginning p. 13.  Christiano et al. - 2010 - Fina…"
US_CMR10,Sticky_Wage_Method,Calvo,"Calvo. The wage-setting friction is explicitly a variant of Calvo (1983) following Erceg, Henderson, and Levin (2000), with only a subset of households able to reoptimize wages each period. See p. 22–23 for the wage-setting setup.  Christiano et al. - 2010 - Fina…"
US_CMR10,Price_Index_Method,Prev Price Inflation,"Prev Price Inflation. Non-reoptimizing firms index their prices to the previous period’s inflation, so this is Prev Price Inflation, not a weighted target/past-inflation rule. See p. 13–14 for the Calvo price-setting/indexation setup.  Christiano et al. - 2010 - Fina…"
US_CMR10,Wage_Index_Method,Multiple,"Multiple. Non-reoptimizing wages are updated from previous wages using an indexation factor tied to lagged price inflation and steady-state growth/inflation terms, so the closest category is Multiple, not pure previous wage inflation. See p. 23.  Christiano et al. - 2010 - Fina…"
US_CMR10,Est_Date_Range_Start,1985,1985. The paper states that the model is estimated “using data spanning the 1985–2008 period” for both the Euro Area and the United States; see p. 9.  Christiano et al. - 2010 - Fina…
US_CMR10,Calibrated,True,"True, but only partly. US_CMR10 is primarily Bayesian-estimated, but it also fixes/calibrates a set of steady-state and tax/financial parameters reported in the tables section; for coding, mark it as both estimated and calibrated. See estimation discussion on p. 9 and the tables beginning around p. 91.  Christiano et al. - 2010 - Fina…"
US_CMR10fa,CB_Authors,True,"True — 100% (3/3 authors). Christiano worked as an Economist/Senior Economist/Research Officer at the Federal Reserve Bank of Minneapolis from 1985–1992; Motto had been working at the ECB since 2000; and Rostagno joined the ECB in 1998 after earlier work at Banca d’Italia, so all three had qualifying central-bank employment before the May 2010 working paper.  faculty.wcas.northwestern.edu +2 ecb.europa.eu +2 The paper’s author page lists Christiano at Northwestern/NBER and Motto/Rostagno at the European Central Bank, on PDF p. 2.  Christiano et al. - 2010 - Fina…"
US_CMR10fa,Gov_Spend,True,"True. Government consumption G t 	​  enters the aggregate resource constraint directly and is modeled as a stationary stochastic process, so it is nontrivial for equilibrium goods-market clearing; see section 2.6, “Resource Constraint,” on p. 24.  Christiano et al. - 2010 - Fina…"
US_CMR10fa,Sticky_Price_Method,Calvo,"Calvo. US_CMR10fa uses the CEE/SW nominal-rigidity core; intermediate-goods firms have Calvo-style price rigidity, with the MMB documentation describing “price rigidity à la Calvo” for the Christiano–Motto–Rostagno financial-accelerator setup.  mmb-model-description"
US_CMR10fa,Sticky_Wage_Method,Calvo,"Calvo. The sticky wage method is Calvo wage setting: households supply differentiated labor monopolistically, and wage stickiness is introduced via the Calvo framework; this is the same CEE/SW-style wage block used in the financial-accelerator setup. See p. 23 of the paper.  Christiano et al. - 2010 - Fina…"
US_CMR10fa,Wage_Index_Method,Multiple,"Multiple. Non-reoptimized wages are indexed using a composite inflation term that combines the monetary authority’s target inflation rate with lagged inflation, along with steady-state wage-growth adjustment; see the wage-setting rule on p. 23.  Christiano et al. - 2010 - Fina…"
US_CMR10fa,Working_Paper,False,"False. For US_CMR10fa, the small financial-accelerator/risk-shock version was later published in American Economic Review as Christiano, Motto, and Rostagno (2014), “Risk Shocks”; the AER title page states that it is “a substantially revised version of Christiano, Motto, and Rostagno (2010)” on p. 27.  Christiano et al. - 2014 - Risk…"
US_CMR10fa,Published,True,"True. The small financial-accelerator/risk-shock version was published as Christiano, Motto, and Rostagno (2014), “Risk Shocks,” in the American Economic Review; the journal title page identifies it as AER 2014, 104(1): 27–65, and notes it is a substantially revised version of the 2010 paper on p. 27.  Christiano et al. - 2014 - Risk…"
US_CMR10fa,Est_Date_Range_Start,1985Q1,"1985Q1. The estimation sample starts in 1985Q1; the paper states that “the sample period used in the estimation is 1985Q1–2008Q2,” and also notes that 1981Q1–1984Q4 is used only as a training sample, so the likelihood is evaluated from 1985Q1. See p. 30.  Christiano et al. - 2010 - Fina…"
US_CMR10fa,Calibrated,True,"True. The model is estimated, but some parameters are calibrated/fixed rather than estimated; the paper’s “Estimates” section reports calibrated parameters in Table 1 and posterior estimates separately in Tables 2–3. See pp. 32 and 91–93.  Christiano et al. - 2010 - Fina…"
US_CMR14,CB_Authors,100,"True — 100% (3/3 authors). Christiano worked as an economist/senior economist/research officer at the Federal Reserve Bank of Minneapolis from 1985–1992, which counts as central-bank employment, not consultancy; Motto joined the ECB in 2000; Rostagno joined the ECB in 1998. The paper was published in AER, January 2014, pp. 27–65, with authors Christiano, Motto, and Rostagno listed on p. 27.  Christiano et al. - 2014 - Risk…   aeaweb.org +2 economics.northwestern.edu +2"
US_CMR14,Gov_Debt,False,"False. The model includes bonds, but the paper states that the long-term bond “plays no direct role in resource allocation” and clears at B t+40 L 	​ =0; the one-period bond is instead the funding source for entrepreneurs, not a nontrivial government-debt block. This is on p. 34, where the paper also says tax revenues are refunded lump-sum rather than financing government debt.  Christiano et al. - 2014 - Risk…"
US_CMR14,Wage_Index_Coverage,Partial,Partial. wage indexation has partial coverage because non-reoptimizing unions use an indexation rule with weight on past inflation and the remaining weight on the inflation target/productivity growth (p. 34).
US_CMR14,Price_Index_Coverage,Partial,"Partial. non-reoptimizing firms index to a weighted combination of lagged inflation and the steady-state target, with the weight on past inflation generally less than one (p. 32)."
US_CMR14,Calibrated,True,"True. the model is primarily Bayesian-estimated but several parameters such as discount factor, depreciation rate, and labor share are calibrated to standard values or long-run steady-state properties (p. 45)."
US_CMR14noFA,CB_Authors,100,"True. 100% of the authors worked at a central bank in official staff capacity prior to the 2014 publication. Page 27 identifies Roberto Motto and Massimo Rostagno as economists at the European Central Bank; Lawrence Christiano's CV confirms he served as Economist, Senior Economist, and Research Officer at the Federal Reserve Bank of Minneapolis from 1985 to 1992."
US_CMR14noFA,Tax,False,"False. government consumption and subsidies are financed by lump-sum taxes, which do not distort private optimality conditions or marginal decisions; on page 35, government consumption is financed by lump-sum taxes, making taxes trivial for equilibrium dynamics."
US_CMR14noFA,Gov_Debt,False,False. Ricardian equivalence and lump-sum tax financing make government debt irrelevant for household and firm decisions; page 35 describes fiscal financing through non-distorting lump-sum taxes.
US_CMR14noFA,Rational_Expectations,True,"True. the model is a standard DSGE framework with rational expectations, where agents optimize using the expectations operator based on available information; page 30 describes the information set including current shocks and news signals about future risk."
US_CMR14noFA,Calibrated,True,"True. While the model is primarily estimated using Bayesian methods, the authors calibrate a small subset of parameters including the discount factor, depreciation rate, and capital share to match standard steady-state targets; these calibrated values and justifications are in Section IV.A on page 42."
US_CPS10,CB_Authors,33.3,"True. Exactly 33.3% (1 out of 3) of the authors listed on page 1 meet the criterion, as Timothy Cogley worked as an economist at the Federal Reserve Bank of San Francisco from 1991 to 1999. Giorgio Primiceri and Thomas Sargent primarily held academic, advisory, or consulting roles prior to the 2010 publication, which do not qualify under the stated parameters."
